{
	"version": 1,
	"changelists": [
		{
			"guid": "00000000000000000000000000000000",
			"description": "Default Uncontrolled Changelist",
			"files": [
				"C:/Users/yuzhe/Downloads/InfiniteMatrixStarterProject/InfiniteMatrixStarter 5.5/Content/InfiniteMatrix/Blueprints/BP_Player.uasset",
				"C:/Users/yuzhe/Downloads/InfiniteMatrixStarterProject/InfiniteMatrixStarter 5.5/Content/InfiniteMatrix/Blueprints/BP_TunnelSPawner.uasset",
				"C:/Users/yuzhe/Downloads/InfiniteMatrixStarterProject/InfiniteMatrixStarter 5.5/Content/InfiniteMatrix/Blueprints/BP_Tunnel.uasset",
				"C:/Users/yuzhe/Downloads/InfiniteMatrixStarterProject/InfiniteMatrixStarter 5.5/Content/InfiniteMatrix/UI/WBP_Restart.uasset",
				"C:/Users/yuzhe/Downloads/InfiniteMatrixStarterProject/InfiniteMatrixStarter 5.5/Content/InfiniteMatrix/Blueprints/healthbar.uasset",
				"C:/Users/yuzhe/Downloads/InfiniteMatrixStarterProject/InfiniteMatrixStarter 5.5/Content/InfiniteMatrix/Maps/TutorialMap.umap",
				"C:/Users/yuzhe/Downloads/InfiniteMatrixStarterProject/InfiniteMatrixStarter 5.5/Content/InfiniteMatrix/Blueprints/healthpack.uasset",
				"C:/Users/yuzhe/Downloads/InfiniteMatrixStarterProject/InfiniteMatrixStarter 5.5/Content/InfiniteMatrix/Blueprints/score.uasset",
				"C:/Users/yuzhe/Downloads/InfiniteMatrixStarterProject/InfiniteMatrixStarter 5.5/Content/InfiniteMatrix/Blueprints/projecticle.uasset",
				"C:/Users/yuzhe/Downloads/InfiniteMatrixStarterProject/InfiniteMatrixStarter 5.5/Content/InfiniteMatrix/Materials/Blade.uasset",
				"C:/Users/yuzhe/Downloads/InfiniteMatrixStarterProject/InfiniteMatrixStarter 5.5/Content/InfiniteMatrix/Materials/Container.uasset",
				"C:/Users/yuzhe/Downloads/InfiniteMatrixStarterProject/InfiniteMatrixStarter 5.5/Content/InfiniteMatrix/Materials/Deco.uasset",
				"C:/Users/yuzhe/Downloads/InfiniteMatrixStarterProject/InfiniteMatrixStarter 5.5/Content/InfiniteMatrix/Materials/Energy.uasset",
				"C:/Users/yuzhe/Downloads/InfiniteMatrixStarterProject/InfiniteMatrixStarter 5.5/Content/InfiniteMatrix/Materials/Hilt.uasset",
				"C:/Users/yuzhe/Downloads/InfiniteMatrixStarterProject/InfiniteMatrixStarter 5.5/Content/InfiniteMatrix/Materials/Pommel.uasset",
				"C:/Users/yuzhe/Downloads/InfiniteMatrixStarterProject/InfiniteMatrixStarter 5.5/Content/InfiniteMatrix/Blueprints/oppoent.uasset",
				"C:/Users/yuzhe/Downloads/InfiniteMatrixStarterProject/InfiniteMatrixStarter 5.5/Content/InfiniteMatrix/Blueprints/SwordOfKasD_D.uasset",
				"C:/Users/yuzhe/Downloads/InfiniteMatrixStarterProject/InfiniteMatrixStarter 5.5/Content/InfiniteMatrix/Materials/M_TunnelBase1.uasset",
				"C:/Users/yuzhe/Downloads/InfiniteMatrixStarterProject/InfiniteMatrixStarter 5.5/Content/InfiniteMatrix/Textures/T_Binary1.uasset",
				"C:/Program Files/Epic Games/UE_5.5/Engine/Content/BasicShapes/BasicShapeMaterial.uasset",
				"C:/Users/yuzhe/Downloads/InfiniteMatrixStarterProject/InfiniteMatrixStarter 5.5/Content/InfiniteMatrix/Materials/M_TunnelBase.uasset",
				"C:/Users/yuzhe/Downloads/InfiniteMatrixStarterProject/InfiniteMatrixStarter 5.5/Content/InfiniteMatrix/Materials/MI_Tunnel1.uasset",
				"C:/Users/yuzhe/Downloads/InfiniteMatrixStarterProject/InfiniteMatrixStarter 5.5/Content/InfiniteMatrix/Materials/MI_Tunnel2.uasset",
				"C:/Users/yuzhe/Downloads/InfiniteMatrixStarterProject/InfiniteMatrixStarter 5.5/Content/InfiniteMatrix/Materials/MI_Tunnel6.uasset",
				"C:/Users/yuzhe/Downloads/InfiniteMatrixStarterProject/InfiniteMatrixStarter 5.5/Content/InfiniteMatrix/Materials/MI_Tunnel7.uasset",
				"C:/Users/yuzhe/Downloads/InfiniteMatrixStarterProject/InfiniteMatrixStarter 5.5/Content/InfiniteMatrix/Materials/MI_Tunnel8.uasset",
				"C:/Users/yuzhe/Downloads/InfiniteMatrixStarterProject/InfiniteMatrixStarter 5.5/Content/InfiniteMatrix/Materials/MI_Tunnel10.uasset",
				"C:/Users/yuzhe/Downloads/InfiniteMatrixStarterProject/InfiniteMatrixStarter 5.5/Content/InfiniteMatrix/Materials/MI_Tunnel11.uasset",
				"C:/Users/yuzhe/Downloads/InfiniteMatrixStarterProject/InfiniteMatrixStarter 5.5/Content/InfiniteMatrix/Materials/MI_Tunnel12.uasset",
				"C:/Users/yuzhe/Downloads/InfiniteMatrixStarterProject/InfiniteMatrixStarter 5.5/Content/InfiniteMatrix/Materials/MI_Tunnel13.uasset",
				"C:/Users/yuzhe/Downloads/InfiniteMatrixStarterProject/InfiniteMatrixStarter 5.5/Content/InfiniteMatrix/Materials/MI_Tunnel3.uasset",
				"C:/Users/yuzhe/Downloads/InfiniteMatrixStarterProject/InfiniteMatrixStarter 5.5/Content/InfiniteMatrix/Materials/MI_Tunnel4.uasset",
				"C:/Users/yuzhe/Downloads/InfiniteMatrixStarterProject/InfiniteMatrixStarter 5.5/Content/InfiniteMatrix/Materials/MI_Tunnel5.uasset",
				"C:/Users/yuzhe/Downloads/InfiniteMatrixStarterProject/InfiniteMatrixStarter 5.5/Content/InfiniteMatrix/Materials/MI_Tunnel9.uasset",
				"C:/Users/yuzhe/Downloads/InfiniteMatrixStarterProject/InfiniteMatrixStarter 5.5/Content/InfiniteMatrix/Blueprints/again.uasset",
				"C:/Users/yuzhe/Downloads/InfiniteMatrixStarterProject/InfiniteMatrixStarter 5.5/Content/InfiniteMatrix/Blueprints/enemy.uasset",
				"C:/Users/yuzhe/Downloads/InfiniteMatrixStarterProject/InfiniteMatrixStarter 5.5/Content/InfiniteMatrix/Blueprints/NewBlueprint.uasset"
			]
		}
	]
}